{
  "AK": "Trump",
  "AL": "Trump",
  "AR": "Trump",
  "AZ": "Biden",
  "CA": "Biden",
  "CO": "Biden",
  "CT": "Biden",
  "DC": "Biden",
  "DE": "Biden",
  "FL": "Trump",
  "GA": "Biden",
  "HI": "Biden",
  "IA": "Trump",
  "ID": "Trump",
  "IL": "Biden",
  "IN": "Trump",
  "KS": "Trump",
  "KY": "Trump",
  "LA": "Trump",
  "MA": "Biden",
  "MD": "Biden",
  "ME": "Biden",
  "MI": "Biden",
  "MN": "Biden",
  "MO": "Trump",
  "MS": "Trump",
  "MT": "Trump",
  "NC": "Trump",
  "ND": "Trump",
  "NE": "Trump",
  "NH": "Biden",
  "NJ": "Biden",
  "NM": "Biden",
  "NV": "Biden",
  "NY": "Biden",
  "OH": "Trump",
  "OK": "Trump",
  "OR": "Biden",
  "PA": "Biden",
  "RI": "Biden",
  "SC": "Trump",
  "SD": "Trump",
  "TN": "Trump",
  "TX": "Trump",
  "UT": "Trump",
  "VA": "Biden",
  "VT": "Biden",
  "WA": "Biden",
  "WI": "Biden",
  "WV": "Trump",
  "WY": "Trump"
}